username,password,name,surname,age,region,city,street,streetNumber,email,phone
andu.mindrescu,12345,Andu,Mindrescu,21,Bucuresti,Bucuresti,Splaiul Independentei,206,andu.mindrescu@gmail.com,0751827364
denisa.stirbu,54321,Denisa,Stirbu,20,Bucuresti,Bucuresti,Margeanului,15,denisa.stirbu@gmail.com,0754367890
irina.chitu,10203040,Irina,Chitu,20,Bucuresti,Bucuresti,Nerva Traian,21,irina.chitu@gmail.com,0743890222
teodora.nemtanu,teodora2,Teodora,Nemtanu,20,Bucuresti,Bucuresti,Gheorghe Sincai,15,teodora.nemtanu@gmail.com,0756892356
bianca.iftime,bianca1998,Bianca,Iftime,20,Bucuresti,Bucuresti,Gheorghe Sincai,15,bianca.iftime@gmail.com,0751911203
teodor.marchitan,1234teodor,Teodor,Marchitan,21,Bucuresti,Bucuresti,Splaiul Independentei,206,teodor.marchitan@gmail.com,0723678934
sandu.petrasco,12983476sandu,Sandu,Petrasco,20,Bucuresti,Bucuresti,Splaiul Independentei,206,petrasco.sandu@gmail.com,0739850321
