name,surname,age,region,city,street,streetNumber,email,phone
Andu,Mindrescu,21,Bucuresti,Bucuresti,Splaiul Independentei,206,andu.mindrescu@gmail.com,751827364
Denisa,Stirbu,20,Bucuresti,Bucuresti,Margeanului,15,denisa.stirbu@gmail.com,754367890
Irina,Chitu,20,Bucuresti,Bucuresti,Nerva Traian,21,irina.chitu@gmail.com,743890222
Teodora,Nemtanu,20,Bucuresti,Bucuresti,Gheorghe Sincai,15,teodora.nemtanu@gmail.com,756892356
Bianca,Iftime,20,Bucuresti,Bucuresti,Gheorghe Sincai,15,bianca.iftime@gmail.com,751911203
Teodor,Marchitan,21,Bucuresti,Bucuresti,Splaiul Independentei,206,teodor.marchitan@gmail.com,723678934
Sandu,Petrasco,20,Bucuresti,Bucuresti,Splaiul Independentei,206,petrasco.sandu@gmail.com,739850321
